nombre_plato,ingredientes,precio,kcal,proteinas,hidratos,grasas,peso,alergenos,is_vegetariano,is_vegano,is_keto,bajo_en_calorias,es_postre,de_cuchara,alto_proteina,sin_lactosa,is_gourmet,para_diabeticos,sin_gluten,congelar
Ají de Pollo,"Pollo, 26.38%, Agua, Cebolla, Huevo (HUEVO), leche (LÁCTEOS), Arroz, Pan (GLUTEN), Almendra (FRUTOS DE CÁSCARA), Queso (LÁCTEOS), Aceite de Oliva, Ajo, Aceitunas, Ají Amarillo 0.73%, Mantequilla (LÁCTEOS), Sal,Pollo, Cúrcuma, Comino, Pimienta Negra y Laurel",6.95,146.0,8.9,13.6,6.0,380.0,"HUEVO, LÁCTEOS, GLUTEN, FRUTOS DE CÁSCARA",False,False,False,False,False,False,False,False,True,False,False,False
Arroz Campero,"Agua, Pollo, Pimientos, Arroz 13.23%, Chorizo, Morcilla, Tomate, Aceite de Oliva, Pimentón Dulce, Ajo, Sal y Pimienta Blanca",6.45,138.0,6.2,13.3,6.5,430.0,,False,False,False,False,False,False,False,True,False,False,False,False
Arroz con Carrilleras al Pedro Ximénez,"Agua, Cerdo 22.67%, Arroz 13.60%, Vino, Cebolla, Pimiento, Zanahorias, Aceite de Oliva, Caldo de Verduras, Roast Pork, Ajo, Sal y Pimentón Dulce",6.45,198.0,10.0,14.1,11.1,430.0,,False,False,False,False,False,False,False,True,True,False,True,False
Arroz con Pollo,"Pollo 29.33%, Agua, Arroz 19.69%, Cebolla, Vino, Zanahoria, Pimiento, Aceite de Oliva, Ajo, Caldo de Pollo, Sal, Colorante Alimentario y Pimienta Blanca",6.45,154.0,6.0,19.2,5.7,430.0,,False,False,False,False,False,False,False,True,False,False,True,False
Arroz Meloso al Parmesano y Setas,"Agua, Arroz, Setas, Leche  Sin Lactosa(LÁCTEOS), Nata (LÁCTEOS), Cebolla, Mantequilla (LÁCTEOS), Vino, Queso (LÁCTEOS), Aceite de Oliva, Caldo de Verduras, Ajo, Sal y Pimienta Negra",5.55,146.0,3.4,17.0,6.5,430.0,LÁCTEOS,True,False,False,False,False,True,False,True,True,False,True,False
Arroz Meloso de Marisco,"Agua, Arroz 10.69%, Gambas (CRUSTÁCEOS), Tomate, Mejillón (MOLUSCOS), Almejas (MOLUSCOS), Pota (PESCADO), Rosada (PESCADO), Cebolla, Ajo, Vino Blanco, Pimiento Choricero, Guisantes, Pimiento, Aceite de Oliva, Caldo de Pescado (PESCADO) y Sal.",5.25,70.1,2.3,8.1,3.1,430.0,"CRUSTÁCEOS, MOLUSCOS, PESCADO",False,False,False,True,False,False,False,True,False,True,True,True
Curry Rojo de Verduras,"Leche de coco, Agua, Arroz 10.91%, Tomate 8.75%, Berenjenas 5.58%, Calabacín 5.51%, Cebolla 5.51%, Zanahoria 5.47%, Pimiento 5.44%, Pimiento 5.44%, Aceite de Oliva, Curry Rojo 0.65%, Caldo de Verduras, Sal, Perejil y Ajo",6.45,51.3,1.6,6.0,22.0,380.0,,True,True,False,True,False,False,False,True,True,True,True,True
Paella Vegetal,"Agua, Arroz 18.81%, Vino, Zanahoria, Caldo de Verduras, Guisantes, Tomate, Alcachofas, Calabacín, Coliflor, Sal, Ajo, Colorante., Coliflor, Judías Verdes, Aceite de Oliva, Cebolla y Pimiento",6.25,127.0,2.8,21.0,2.9,430.0,,True,True,False,False,False,False,False,True,False,True,True,True
Albóndigas de Pollo con Pasta,"Pollo 28.05%, Tomate, Cebolla, Agua, Espaguetis(GLUTEN) 7.61%, Pan, Aceite de Oliva, Zanahoria, Huevo (HUEVO), Tomate, Ajo, Roast Pork, Azúcar, Sal, Orégano y Pimienta Negra",6.25,111.0,4.7,10.5,5.3,380.0,"HUEVO, GLUTEN",False,False,False,False,False,False,False,True,False,False,False,False
Albóndigas de Pollo con Tomate,"Pollo 31.85%, Cebolla, Zanahoria, Ajo, Huevo (HUEVO), Sal, leche Sin Lactosa(LÁCTEOS), Aroma de Carne, Pan (GLUTEN), Tomate 26.36%, Cebolla, Vino, Pimienta, Ajo, Aceite de Oliva y Sal",6.15,72.3,5.9,6.4,2.3,380.0,"HUEVO, GLUTEN, LÁCTEOS",False,False,False,True,False,False,False,False,False,True,False,False
Albóndigas en Salsa de Cuatro Quesos,"Ternera 10.93%, Cerdo 10.93%, Perejil, Cebolla, Huevo (HUEVO), Ajo, Caldo de Carne, Pan (GLUTEN), leche Sin Lactosa (LÁCTEOS),aceite de oliva, Nata (LÁCTEOS), Queso Azul (LÁCTEOS), Queso Edam (LÁCTEOS), Queso Manchego (LÁCTEOS), Queso Cheddar (LÁCTEOS), Sal, Colorante, Goma Xantana, Almendra (FRUTOS SECOS), Mostaza Antigua (MOSTAZA)",6.85,176.0,14.2,1.3,12.5,380.0,"Leche, Gluten, Huevo y Mostaza",False,False,True,False,False,False,True,False,True,True,False,False
Albóndigas en Salsa de la Abuela,"Ternera 10.93%, Cerdo 10.93%, Perejil, Cebolla, Huevo (HUEVO), Ajo, Caldo de Carne, Pan (GLUTEN) y leche Sin Lactosa (LÁCTEOS)), Vino, Aceite de Oliva, Pimienta, Pimentón, Pollo, Roast Pork, Tomate, Zanahoria y Guisantes",6.95,129.0,8.3,8.9,6.3,380.0,"HUEVO, GLUTEN, LÁCTEOS",False,False,False,False,False,True,False,True,False,False,False,False
Canelones de Carrillera,"Cerdo 23.32%, Cebolla, Vino, Zanahoria, sémola de trigo (GLUTEN), Cebolla, Vinagre de Módena, Azúcar, Aceite de Oliva, Vino, Sal, Paté, Ajo, Caldo de Carne, Pimienta Blanca, Agua y Laurel",7.95,113.0,5.5,6.3,5.5,290.0,GLUTEN,False,False,False,False,False,False,False,True,True,False,False,False
Carrilleras de Cerdo con Pisto,"Cerdo 60.82%, Agua, Cebolla, Pimiento, Vino, Patatas, Sal, Aceite de Oliva, Pimiento, Calabacín, Berenjenas y Pimienta Blanca",7.35,134.0,8.7,3.3,8.9,380.0,,False,False,True,False,False,False,False,True,False,True,True,False
Carrilleras de Cerdo en Salsa con Crema de Patatas,"Cerdo 60.82%, Agua, Patatas 8.12%, Cebolla, Zanahoria, Pimiento, Vino, Nata (LÁCTEOS), Aceite de Oliva, Ajo, Vino, Sal, Mantequilla (LÁCTEOS), Caldo de Carne, Pimienta Negra y Nuez Moscada.",7.15,172.0,13.5,14.5,5.9,380.0,LÁCTEOS,False,False,False,False,False,True,True,False,True,False,True,False
Estofado de Pavo,"Pavo 53.88%, Tomate 22%, Agua, Cebolla, Vino, Zanahoria, Pimiento, Aceite de Oliva, Sal, Ajo, Pimienta Negra y Laurel",5.95,104.0,6.6,5.2,5.2,380.0,,False,False,False,False,False,True,False,True,False,True,True,True
Estofado de Ternera,"Patatas,  Ternera 27.43%, Agua, Cebolla, Vino, Pimiento, Zanahoria, Aceite de Oliva, Sal, Caldo de Carne, Ajo y Colorante.",5.95,105.0,7.4,6.6,4.8,380.0,,False,False,False,False,False,True,False,True,False,True,True,False
Hamburguesa con Cebolla Caramelizada y Patatas,"Patata 22.59%, Cebolla 21.42%, Ternera 12.36%, Cerdo 12.36%, Nata (LÁCTEOS), Pimiento, Queso (LÁCTEOS), Manzana, Salsa BBQ, Vino, Vinagre de Módena, Jarabe de Arce, Mostaza (MOSTAZA), Azúcar, Aceite de Oliva, Ajo, Mermelada, Miel, Huevos (HUEVO), Caldo de Carne, pan (GLUTEN), leche (LÁCTEOS), Vino, Perejil, Cilantro, Pimienta Negra y Comino",5.7,145.0,6.8,10.0,8.5,380.0,"HUEVO, LÁCTEOS, MOSTAZA, GLUTEN",False,False,False,False,False,False,False,False,True,False,False,False
Hamburguesa Keto con Palitos de Calabacín,"Calabacín 43.16%, Ternera 11.41%, Cerdo 11.41%, Cebolla, Nata (LÁCTEOS), Mostaza (MOSTAZA), Queso (LÁCTEOS), Aceite de Oliva, Ajo, Huevos (HUEVO), Caldo de Carne, Pan (GLUTEN), Vino, Sal, Perejil, Ajo, Orégano y Pimienta Blanca.)",6.25,170.0,6.3,4.1,14.0,380.0,"HUEVO, GLUTEN, LÁCTEOS, MOSTAZA",False,False,True,False,False,False,False,False,True,True,False,False
Lomo Jugoso con Salsa Barbacoa y Patatas,"Cerdo 33.17%, Patatas 29.25%, Manzana, Pimiento, Salsa BBQ (Conservador y Colorante) Cebolla, Ajo, Mostaza (MOSTAZA), Aceite de Oliva, Mermelada de Albaricoque, Miel, Almidón Modificado, Jarabe de Arce, Tomate, Vinagre, Agua, Sal, Azúcar, Estabilizante, Jarabe de Glucosa y Fructosa, Aromas, Cilantro, Pimienta Negra y Comino., Cebolla, Extracto Vegetal)",6.65,169.0,7.5,7.7,11.7,380.0,MOSTAZA,False,False,False,False,False,False,False,True,False,False,True,False
Lomo Jugoso en Salsa al Whisky con Patatas,"Cerdo 51.32%, Patata 25.27%, Agua, Aceite de Oliva, Cebolla, Ajo, Whisky 1.36%, Limón, Vino, Caldo de Carne, Roast Pork, Sal y Pimienta",7.15,166.0,6.4,5.2,11.4,380.0,,False,False,False,False,False,False,False,True,True,False,True,False
Parrillada de Ibéricos al Mojo Picón,"Patatas, Cerdo 17%, Chorizo Criollo 17%, Chorizo 17%, Tomate, Aceite de Oliva, Tomate, Ajo, Pan (GLUTEN), Comino, Pimentón, Sal, Vinagre, Orégano y Pimienta",5.65,164.0,9.6,6.1,11.0,350.0,GLUTEN,False,False,False,False,False,False,False,True,True,False,False,False
Pastel de Carne con Chili y Puré de Patatas,"Ternera 34.30%, Patata, Pimiento, Alubia Roja, Cebolla, Tomate, Aceite de Oliva, Queso Sin Lactosa (LÁCTEOS), Salsa Inglesa (Vinagre de Malta, Vinagre de Alcohol, Melaza, Azúcar, Sal, Anchoas (PESCADO), Extracto de Tamarindo, Cebolla, Ajo, Especias y Aromas), leche Sin Lactosa (LÁCTEOS), Nata (LÁCTEOS), Ajo, Cayena, Orégano, Comino, Pimentón Dulce, Tabasco, Sal y Pimienta",6.95,236.0,16.3,10.2,13.0,380.0,"LÁCTEOS, PESCADO",False,False,False,False,False,False,True,False,True,False,True,False
Pollo a la Carbonara con Patatas gajo,"Pollo 38.16%, Patata 31.80%, Nata (LÁCTEOS), Champiñones, Cebolla, Queso (LÁCTEOS), Mantequilla (LÁCTEOS), Ajo, Sal y Pimienta.",5.95,113.0,9.8,4.5,6.0,380.0,LÁCTEOS,False,False,False,False,False,False,False,False,False,False,False,False
Pollo Agridulce con Arroz Basmati,"Pollo 43.38%, Agua, Arroz, Salsa de Soja (SOJA), Sal, Harina de Trigo (GLUTEN), Cebolla, Pimiento, Vinagre, Azúcar, Tomate, Ajo, Aceite de Oliva, Harina de maiz, Sésamo (SÉSAMO) y Sal",5.95,143.0,8.1,11.2,6.7,380.0,"SÉSAMO, SOJA, GLUTEN",False,False,False,False,False,False,False,True,False,False,False,False
Pollo al Curry con Arroz,"Pollo 33.14%, Agua, Nara, Arroz 8.93%, Manzana, leche (LÁCTEOS), Cebolla, Tomate, Aceite de Oliva, Limón, Curry Amarillo 0.71%, Caldo de Carne, Mantequilla (LÁCTEOS), Ajo, Sal, Cayena, Comino, Canela, Colorante y Pimienta Negra",6.85,127.0,7.6,10.5,6.0,380.0,LÁCTEOS,False,False,False,False,False,False,False,False,True,False,True,False
Pollo Asado a la Peruana,"Pollo 49.76%, Patata, Agua, Carne de Pimiento Choricero, Nata (LÁCTEOS), Vino, Mostaza (MOSTAZA), Limón, Aceite de Oliva, Harina de maiz, Ají Amarillo, Sal, Comino, Ajo, Tomillo, Pimienta Negra y Orégano",5.65,88.8,10.0,4.8,3.2,380.0,"LÁCTEOS, MOSTAZA",False,False,False,True,False,False,False,False,True,True,True,False
Pollo Tikka Masala con Arroz Basmati,"Pollo 37.58%, Agua, Tomate, Arroz 9.40%, Cebolla, Nata (LÁCTEOS), Tomate, Mantequilla (LÁCTEOS), Ajo, Aceite de Oliva, Comino, Sal, Canela, Curry, Jengibre, Azúcar, Cúrcuma, Cayena, Ajo y Pimentón dulce",6.85,220.0,9.8,17.1,12.5,380.0,LÁCTEOS,False,False,False,False,False,False,False,False,True,False,True,False
Pollo Tikka Masala Keto,"Pollo 37.58%, Agua, Tomate, Coliflor 9.40%, Cebolla, Nata (LÁCTEOS), Tomate, Mantequilla (LÁCTEOS), Ajo, Aceite de Oliva, Comino, Sal, Canela, Curry, Jengibre, Cúrcuma, Cayena, Ajo y Pimentón dulce",6.85,113.0,10.4,3.3,6.3,380.0,,False,False,True,False,False,False,False,False,True,True,True,True
Presa con Rústicas y Mojo Verde,"Cerdo 46.63%, Patatas, Aceite de Oliva, Pan (GLUTEN), Vinagre, Perejil, Ajo, Cilantro, Sal, Comino, Cayena y Pimienta Negra",6.65,155.0,9.0,7.4,9.7,350.0,GLUTEN,False,False,False,False,False,False,False,True,True,False,False,False
Solomillo a la Pimienta,"Patata 41.44%, Cerdo 39.74%, Nata (LÁCTEOS), Cebolla, Vino, Aceite de Oliva, Ajo, bovril (Caldo de Vacuno, Extracto de Levadura, Sal, Agua, Colorante, Almidón de Maíz, Carne de Vacuno Desidratada, Potenciadores del Sabor, Acidulante y Aromas), Sal, Pimienta en Grano y Pimienta Molida",7.25,120.0,8.7,6.0,5.9,380.0,LÁCTEOS,False,False,False,False,False,False,False,False,True,False,True,False
Solomillo en Salsa con Manzanas y Pasas,"Cerdo 47.28%, Manzanas 25.019%, Agua, Vino, Pasas 2.21%, Cebolla, Margarina, Aceite de Oliva, Harina de maiz, Vino, Limón, Caldo de Carne, Sal y Pimienta Blanca",8.2,193.0,13.0,9.8,10.7,380.0,,False,False,False,False,False,False,True,True,True,True,True,True
Tacos de Ternera (incluye tortillas),"Ternera 49.22%, Cebolla, Queso Sin Lactosa (LÁCTEOS), Pimiento, Tomate, Salsa Inglesa (Vinagre de Malta, Vinagre de Alcohol, Melaza, Azúcar, Sal, Anchoas (PESCADO), Extracto de Tamarindo, Cebolla, Ajo, Especias y Aromas), Aceite de Oliva, Jalapeños, Ajo, Puré de Patatas, Sal, Cayena, Orégano, Comino, Pimentón Dulce y Tabasco",7.95,128.0,9.7,5.7,6.0,380.0,"LÁCTEOS, PESCADO",False,False,False,False,False,False,False,False,False,False,True,False
Albóndigas con Pisto,"Calabacín, Berenjena, Pimiento, Cebolla, Patatas, Pollo 24.85%, Tomate, Pan (GLUTEN), Zanahoria, Cebolla, Huevo (HUEVO), Aceite de Oliva, Sal, Roast Pork, Ajo, Azúcar y Pimienta Blanca",6.35,87.6,6.0,4.5,4.7,380.0,"HUEVO, GLUTEN",False,False,False,True,False,False,False,True,False,True,False,False
Albóndigas de Berenjena en Salsa de Tomate,"Berenjenas 35.17%,Tomate 25%, Cebolla, Pan (GLUTEN), Huevo (HUEVO), Vino, Aceite de Oliva, Perejil, Ajo, Sal, Azúcar, Comino y Pimienta Blanca",5.45,60.9,2.0,5.6,1.3,380.0,HUEVO. GLUTEN,True,False,False,True,False,False,False,True,False,True,False,False
Albóndigas de Pollo en Salsa,"Agua, Pollo 24.93%, Zanahoria, Cebolla, Pan (GLUTEN), Vino, Huevo (HUEVO), Vino, Caldo de Verduras, Sal, Roast Pork, Ajo y Pimienta Negra.",6.15,78.1,5.6,5.8,3.2,380.0,"HUEVO, GLUTEN",False,False,False,True,False,False,False,True,False,True,False,False
Alcachofas con Huevo,"Alcachofas 45.55%, Agua, Huevo 10.50% (HUEVO), Cebolla, Vino, Pimiento, Aceite de Oliva, Ajo, Caldo de Verduras, Harina de maiz, Sal, Perejil y Pimienta Blanca",5.95,40.5,1.3,1.6,2.2,380.0,HUEVO,True,False,False,True,False,False,False,True,False,True,True,False
Berenjenas Gratinadas al Parmesano,"Berenjenas 54.40%, Tomate, Queso 4.17% (LÁCTEOS), Queso Sin Lactosa (LÁCTEOS), Cebolla, Azúcar, Aceite de Oliva, Ajo, Sal, Orégano y Pimienta Blanca",6.55,88.1,3.5,4.5,5.9,430.0,LÁCTEOS,True,False,False,True,False,False,False,False,True,True,True,True
Berenjenas Rellenas de Atún,"Berenjenas 64.20%, Atún 9.75% (PESCADO), Queso Sin Lactosa (LÁCTEOS), Cebolla, Huevo (HUEVO), Tomates, Pimiento, Aceite de Oliva, Caldo de Verduras, Sal y Pimienta Blanca",6.95,124.0,9.4,1.8,8.6,380.0,"HUEVO, LÁCTEOS, PESCADO",False,False,True,False,False,False,False,True,False,True,True,False
Brócoli de guarnición,"Brócoli 65.06%, Champiñón, Aceite de Oliva, Ajo, Sal y Pimienta Negra",3.95,60.3,2.5,1.5,4.6,300.0,,True,True,False,True,False,False,False,True,False,True,True,True
Brownie Keto de Chocolate con Avellanas,"Huevo (HUEVO), Margarina, Eritritol, Cacao 0% 12.35%, Harina de Almendras (FRUTOS DE CÁSCARA), Avellana (FRUTOS DE CÁSCARA) y Levadura",4.95,291.0,7.8,5.1,35.8,180.0,"HUEVO, FRUTOS DE CÁSCARA",True,False,True,False,True,False,False,True,True,True,True,False
Calabacines Rellenos de Carne,"Calabacines 45.70%, Queso sin Lactosa (LÁCTEOS), leche  Sin Lactosa(LÁCTEOS), Agua, Cerdo 6.58%, Cebolla, Tomate, Aceite de Oliva, Harina de maiz, Vino, Patatas, Pimiento, Zanahoria, Sal, Ajo, Nuez Moscada y Pimienta",6.25,96.0,4.5,5.1,6.1,380.0,LÁCTEOS,False,False,False,True,False,False,False,False,False,True,True,False
Caldereta de Venado,"Venado 37%, Pimiento, Cebolla, Vino, Zanahoria, Tomates, Aceite de Oliva, Ajo, Sal, Tomillo, Romero y Pimienta",7.95,98.8,13.7,3.1,2.9,380.0,,False,False,True,True,False,False,True,True,True,True,True,True
Coliflor al Ajillo y Pimentón,"Coliflor 92.17%, Ajo 3.68%, Aceite de Oliva, Vinagre, Sal y Pimentón Dulce 0.69%.",5.85,65.5,2.6,3.8,3.8,380.0,,True,True,False,True,False,False,False,True,False,True,True,True
Coliflor con Bechamel y Queso,"Coliflor 44.48%, leche  Sin Lactosa(LÁCTEOS), Agua, Huevo (HUEVO), Aceite de Oliva, Queso (LÁCTEOS), Harina de maiz, Sal, Nuez Moscada",5.95,56.3,5.1,1.9,2.8,380.0,"HUEVO, LÁCTEOS",True,False,False,True,False,False,False,False,False,True,True,False
Crema de Calabacín con Quesitos,"Calabacín 38.59%, Cebolla, Agua, Queso Sin Lactosa 6.10% (LÁCTEOS), Nata (LÁCTEOS) y Sal.",5.05,55.3,2.5,2.9,3.6,380.0,LÁCTEOS,True,False,False,True,False,True,False,False,False,True,True,False
Crema de Calabaza,"Agua, Calabaza 28.83%, Patata, Cebolla, Zanahoria, Nata (LÁCTEOS), Aceite de Oliva, Ajo, Sal y Caldo de Verduras",5.05,39.6,0.9,3.2,2.4,380.0,LÁCTEOS,True,False,False,True,False,True,False,False,False,True,True,False
Crema de Espinacas,"Espinacas 29.34%, Agua, Patata, Cebolla, Nata (LÁCTEOS), Queso (LÁCTEOS), Ajo y Sal.",5.05,47.6,2.7,3.6,2.2,380.0,LÁCTEOS,True,False,False,True,False,True,False,False,False,True,True,False
Curry Amarillo de Salmón y Brócoli,"Salmón 27.75% (PESCADO), Brócoli 25.10%, leche de Coco, Zanahoria, Calabacín, Berenjenas, Mango, Cebolla, Pimiento, Tomates, Cacahuetes (FRUTOS DE CÁSCARA), Curry Amarillo 1.29%, Ajo, Caldo de Verduras y Sal",6.95,109.0,4.7,3.0,8.8,380.0,"PESCADO, FRUTOS DE CÁSCARA",False,False,True,False,False,False,False,True,True,True,True,True
Dieta Keto o Cetogénica - Primera Semana,,109.25,0.0,0.0,0.0,0.0,8000.0,,True,True,False,True,False,False,False,True,False,True,True,True
Dieta Keto o Cetogénica - Segunda Semana,,106.95,0.0,0.0,0.0,0.0,8000.0,,True,True,False,True,False,False,False,True,False,True,True,True
Dieta Keto o Cetogénica - Tercera Semana,,106.65,0.0,0.0,0.0,0.0,8000.0,,True,True,False,True,False,False,False,True,False,True,True,True
Ensalada de Pimientos Asados o Escalivada,"Pimientos 71.26%, Vinagre de Manzana, Cebolla, Huevo (HUEVO), Aceite de Oliva, Atún (PESCADO)",5.95,128.0,3.9,4.7,10.1,380.0,"HUEVO, PESCADO",False,False,True,False,False,False,False,True,True,True,True,False
Estofado de Cerdo con Tomate,"Cerdo 53.88%, Tomate 21.35%, Agua, Cebolla, Vino, Zanahoria, Pimiento, Aceite de Oliva, Sal, Ajo, Pimienta Negra y Laurel",6.45,116.0,12.2,1.9,6.2,380.0,,False,False,True,False,False,True,True,True,False,True,True,True
Judías Verdes Salteadas con Jamón,"Judías Verdes 71.40%, Cebolla, Jamón 9.06%, Aceite de Oliva, Ajo, Sal y Pimienta Blanca",5.45,69.3,3.5,3.9,3.7,380.0,,False,False,False,True,False,False,False,True,False,True,True,True
Jugosa Pechuga de Pollo a la Miel y Mostaza,"Pollo 77.52%, Huevo (HUEVO), Aceite de Oliva, Miel 1.87%, Mostaza (MOSTAZA) 1.87%, Salsa de Soja (SOJA), Ajo, Sal, Aroma de Carne, Perejil y Pimienta Blanca",7.25,223.0,16.3,2.3,16.5,380.0,"SOJA, MOSTAZA, HUEVO",False,False,True,False,False,False,True,True,True,True,True,False
Lasaña de Verduras,"Calabacín 13.45%, Cebolla 11.21%, leche  Sin Lactosa(LÁCTEOS), Espinacas 8.97%, Agua, Zanahoria 6.73%, Sémola de trigo 6.42% (GLUTEN), Berenjenas 5.61%, Nata (LÁCTEOS), Tomates 9.61%, Aceite de Oliva, Pimiento 5.60%, Queso Sin Lactosa (LÁCTEOS), Harina de maiz, Caldo de Verduras, Sal, Nuez Moscada y Pimienta Blanca",6.35,70.5,2.0,5.0,4.4,400.0,"LÁCTEOS, GLUTEN",True,False,False,True,False,False,False,False,True,True,False,False
Musaka,"Berenjenas 57.36%, leche (LÁCTEOS) Sin Lactosa, Agua, Ternera, Cerdo, Tomate, Queso Sin Lactosa (LÁCTEOS), Cebolla, Aceite de Oliva, Harina de maiz, Zanahoria, Bacon, Vino, Sal, Ajo, Caldo de Carne, Nuez Moscada y Orégano",6.25,103.0,5.8,4.6,6.6,380.0,LÁCTEOS,False,False,False,False,False,False,False,True,True,False,True,False
Pan Keto o Cetogénico (500 gr.),"Mix panario [mix de proteínas (proteína de trigo, proteína de soja (SOJA), proteína de lupino), harina de soja (SOJA), semillas de linaza marrón y amarilla, semillas de girasol, harina de soja (SOJA), harina de trigo integral, salvado de trigo, fibra de manzana, semillas de sésamo (SÉSAMO), sal, harina de malta de cebada tostada, emulsionante, regulador de la acidez (diacetato de sodio)], agua, aceite de girasol, levadura, conservante (propionato de calcio), conservante, avena (GLUTEN)",7.95,304.0,23.3,15.2,13.6,500.0,"SÉSAMO, SOJA, GLUTEN",True,True,False,False,False,False,True,True,False,False,False,False
Pastel de Berenjenas y Carne,"Berenjenas 23.72%, Cerdo, Huevo (HUEVO), Queso Sin Lactosa (LÁCTEOS), Pimiento, Cebolla, Nata(LÁCTEOS), Aceite de Oliva y Sal",6.35,168.0,8.8,3.1,13.0,380.0,"HUEVO, LÁCTEOS",False,False,True,False,False,False,False,False,True,True,True,False
Pastelito de Queso Keto,"Huevo (HUEVO), Queso 23.27% (LÁCTEOS), Yogur Natural (LÁCTEOS), Edulcorante en Polvo, Levadura, Esencia de Vainilla, Edulcorante Líquido, Esencia de Limón",4.95,103.0,11.2,1.7,5.7,180.0,"HUEVO, LÁCTEOS",True,False,True,False,True,False,False,False,False,True,True,False
Pavo al Curry y Coliflor,"Pavo 41.72%, Coliflor 32.10%, Queso (LÁCTEOS), Cebolla, Nata (LÁCTEOS), Tomate, Aceite de Oliva, Curry Amarillo 0.39% y Sal",5.95,90.6,11.0,1.7,4.2,380.0,LÁCTEOS,False,False,True,True,False,False,True,False,True,True,True,False
"Pechuga de Pavo en Salsa de Gambas, Ajos Tiernos y Setas","Pavo 47.28%, Setas 11.82%, Ajos, Gambas 11.82% (CRUSTÁCEOS), Cebolla, Vino, Nata (LÁCTEOS), Agua, Aceite de Oliva, Harina de maiz, Pimentón Dulce, Sal y Pimienta Blanca",7.95,122.0,18.1,2.0,4.1,380.0,"LÁCTEOS, CRUSTÁCEOS",False,False,True,False,False,False,True,False,True,False,True,False
Pimientos Rellenos en Salsa Riojana,"Pimiento 34.52%, Cerdo, Ternera, Cebolla, Pimiento, Pan (GLUTEN), Huevo (HUEVO), Aceite de Oliva, Salsa Inglesa (Vinagre de Malta, Vinagre de Alcohol, Melaza, Azúcar, Sal, Anchoas (PESCADO), Extracto de Tamarindo, Cebolla, Ajo, Especias y Aromas), Caldo de Carne, Sal, Ajo, Perejil y Comino",6.65,107.0,7.5,3.5,6.8,380.0,"HUEVO, GLUTEN, PESCADO",False,False,False,False,False,False,False,True,True,False,False,True
Pisto,"Cebolla, Patatas, Tomate, Sal, Aceite de Oliva, Pimiento, Calabacín, Berenjenas y Pimienta Blanca",5.95,89.3,2.7,8.4,4.1,380.0,,True,True,False,True,False,False,False,True,False,True,True,False
Pollo a la Carbonara con Champiñones,"Pollo 50.80%, Champiñones 19.94%, Nata (LÁCTEOS), Cebolla, Queso (LÁCTEOS), Mantequilla (LÁCTEOS), Aceite de Oliva, Ajo, Sal y Pimienta",6.95,98.0,7.4,1.0,7.1,380.0,LÁCTEOS,False,False,True,True,False,False,False,False,True,True,True,False
Pollo a la Manzanilla con Bechamel,"Pollo 49.57%, leche Sin Lactosa (LÁCTEOS), Agua, Sal, Aceite de Oliva, Nuez Moscada, Harina de maiz, Setas, Vino, Salsa de soja (SOJA) y Azúcar",6.35,147.0,9.0,3.6,9.8,380.0,"SOJA, LÁCTEOS",False,False,False,False,False,False,False,False,True,False,True,True
Pollo al Chilindrón,"Pollo 44%, Cebolla, Pimiento, Tomate, Jamón, Vino, Aceite de Oliva, Sal, Ajo, Pimentón Dulce, Pimienta Blanca y Perejil",6.85,132.0,9.5,2.4,9.0,380.0,,False,False,True,False,False,False,False,True,True,True,True,True
Pollo al Pesto con Nata,"Pollo 56.34%, Nata (LÁCTEOS), Espinacas, Albahaca, Piñones, Queso (LÁCTEOS), Aceitunas Negras, Mantequilla, Ajo, Sal y Pimienta",6.9,183.0,13.7,1.0,13.5,380.0,LÁCTEOS,False,False,True,False,False,False,True,False,True,True,True,False
Pollo con Verduras,"Pollo 50.18%, Zanahoria, Vino, Coliflor, Judías Verdes, Guisantes, Caldo de Verduras, Aceite de Oliva, Sal y Pimienta., Pimiento, Cebolla",6.15,75.5,6.1,4.8,2.7,380.0,,False,False,False,True,False,False,False,True,False,True,True,True
Salchichas Frescas al Vino con Brócoli,"Cerdo 36.86%, Brócoli 23.90%, Cebolla, Vino, Champiñón, Agua, Aceite de Oliva, Mantequilla (LÁCTEOS), Ajo, Sal, Pimienta Negra y Laurel",6.65,75.4,2.3,2.1,5.2,380.0,LÁCTEOS,False,False,False,True,False,False,False,False,True,True,True,True
Salteado de Carne y Pimientos Verdes,"Cerdo 38.11%, Cebolla, Pimiento 26.68%, Soja (SOJA), Almendra (FRUTOS DE CÁSCARA), Mantequilla (LÁCTEOS), Aceite de Oliva, Ajo, Sal, Roast Pork y Pimienta Blanca",6.65,112.0,9.1,1.9,7.1,380.0,"SOJA, FRUTOS DE CÁSCARA, LÁCTEOS",False,False,True,False,False,False,False,False,True,True,True,False
Solomillo al Roquefort con Champiñones,"Cerdo 42.35%, Champiñones 30.63%, leche Sin Lactosa (LÁCTEOS), Cebolla, Nata (LÁCTEOS), Queso Roquefort 3.90% (LÁCTEOS), Aceite de Oliva, Harina de maiz y Sal",8.2,186.0,19.4,1.5,11.2,380.0,LÁCTEOS,False,False,True,False,False,False,True,False,True,False,True,False
Solomillo con Setas del Bosque y reducción de Pedro Ximénez,"Cerdo 39.93%, Agua, Ajo, Sal y Pimienta Negra, Aceite de Oliva, Cebolla, Setas, Vino 10.11%, Harina de maiz, Champiñón y Pasas",9.25,160.0,14.4,3.9,8.4,380.0,,False,False,True,False,False,False,True,True,True,True,False,False
Tarta de Queso Keto,"Nata (LÁCTEOS), Queso 30.74% (LÁCTEOS), Frutos del Bosque, Huevo (HUEVO), Edulcorante Líquido, Eritritol y Extracto de Limón",4.65,162.0,6.5,3.8,12.9,180.0,"HUEVO, LÁCTEOS",True,False,True,False,True,False,False,False,True,True,True,False
Ternera a la Jardinera,"Ternera 40.52%, Agua, Zanahoria, Guisantes, Vino, Sal, Coliflor, Judías Verdes, Aceite de Oliva, Cebolla, Pimiento, Caldo de Carne, Pimienta Blanca",7.35,95.8,10.8,2.6,4.2,380.0,,False,False,False,True,False,False,True,True,True,True,True,True
Tortilla Keto con Bacon,"Huevo (HUEVO), Cerdo 13.25%, Cebolla, Mantequilla (HUEVO) y Sal",4.55,298.0,11.6,0.6,27.7,200.0,HUEVO,False,False,True,False,False,False,False,False,False,True,True,False
Tortilla Keto con Chorizo,"Huevo (HUEVO), Chorizo 10.22%, Cebolla, Mantequillal (HUEVO) y Sal",4.55,225.0,11.6,1.2,19.3,200.0,HUEVO,False,False,True,False,False,False,False,False,False,True,True,False
Tortitas Keto o Cetogénicas,"Almendra (FRUTOS DE CÁSCARA), Agua, Huevo (HUEVO), Mantequilla (LÁCTEOS), Levadura, Sal, Sésamo(SÉSAMO) y Goma Xantana",4.15,150.0,8.4,1.3,11.9,200.0,"HUEVO, SÉSAMO, FRUTOS DE CÁSCARA",True,False,True,False,False,False,False,False,False,True,True,False
Ensalada de Pasta,"Pasta 32.63% (GLUTEN), Atún (PESCADO), Maíz, Huevo (HUEVO), Zanahoria, Cebolla, Aceite de Oliva, Vinagre y Sal",4.95,155.0,5.6,19.0,6.0,320.0,"HUEVO, PESCADO, GLUTEN",False,False,False,False,False,False,False,True,False,False,False,False
Salmorejo Cordobés,"Tomate, Aceite de Oliva Virgen Extra, Pan, Ajo, Vinagre y una pizca de Sal",4.95,105.0,1.0,5.1,8.8,380.0,gluten,True,True,False,False,False,True,False,True,True,True,False,False
Salmorejo de Manzana,"Tomate, Aceite de Oliva Virgen Extra, Manzana, Ajo y una pizca de Sal",4.95,105.0,1.0,5.1,8.8,380.0,,True,True,False,False,False,False,False,True,True,True,True,True
Tortilla de Patatas Rellena de Jamón York y Queso cremoso,"Patata 36.17%, Huevo (HUEVO), Cebolla, leche Sin Lactosa (LÁCTEOS) , Jamón York 6.4%, Queso 2.39% (LÁCTEOS), Mayonesa (HUEVO), Aceite de Oliva, Sal y Caldo de Verduras",5.95,145.0,7.2,7.4,9.4,380.0,"HUEVO, LÁCTEOS",False,False,False,False,False,False,False,False,False,False,True,False
Pimientos del Piquillo Rellenos de Atún  +GRANDE,"Pimientos del Piquillo 28.70%, Tomate, Atún (PESCADO) 17.33%, Cebolla, Pimiento, Agua, Aceite de Oliva, Paté de Hígado, Harina de maiz, Sal y Pimienta",7.35,90.3,3.5,4.2,6.4,480.0,PESCADO,False,False,False,True,False,False,False,True,True,True,True,True
Pisto +GRANDE,"Cebolla, Patatas, Tomate, Sal, Aceite de Oliva, Pimiento, Calabacín, Berenjenas y Pimienta Blanca",6.95,89.3,2.7,8.4,4.1,480.0,,True,True,False,True,False,False,False,True,False,True,True,True
Solomillo con Setas del Bosque y reducción de Pedro Ximénez +GRANDE,"Cerdo 39.93%, Agua, Ajo, Sal y Pimienta Negra, Aceite de Oliva, Cebolla, Setas, Vino 10.11%, Harina de maiz, Champiñón y Pasas",10.25,160.0,14.4,3.9,8.4,480.0,,False,False,True,False,False,False,True,True,True,True,True,True
Solomillo en Salsa con Manzanas y Pasas +GRANDE,"Cerdo 47.28%, Manzanas 25.019%, Agua, Vino, Pasas 2.21%, Cebolla, Margarina, Aceite de Oliva, Harina de maiz, Vino, Limón, Caldo de Carne, Sal y Pimienta Blanca",9.25,193.0,13.0,9.8,10.7,480.0,,False,False,False,False,False,False,True,True,True,True,False,True
Albóndigas de Pollo con Pasta +GRANDE,"Pollo 28.05%, Tomate, Cebolla, Agua, Espaguetis(GLUTEN) 7.61%, Pan, Aceite de Oliva, Zanahoria, Huevo (HUEVO), Tomate, Ajo, Roast Pork, Azúcar, Sal, Orégano y Pimienta Negra",7.25,111.0,4.7,10.5,5.3,480.0,"HUEVO, GLUTEN",False,False,False,False,False,False,False,True,False,False,False,False
Albóndigas de Pollo con Tomate +GRANDE,"Pollo 31.85%, Cebolla, Zanahoria, Ajo, Huevo (HUEVO), Sal, leche Sin Lactosa(LÁCTEOS), Aroma de Carne, Pan (GLUTEN), Tomate 26.36%, Cebolla, Vino, Pimienta, Ajo, Aceite de Oliva y Sal",7.15,72.3,5.9,6.4,2.3,480.0,"HUEVO, GLUTEN, LÁCTEOS",False,False,False,True,False,False,False,False,False,True,False,False
Espaguetis a la Carbonara +GRANDE,"Nata 32.38% (LÁCTEOS), Sémola de trigo 27.18% (GLUTEN), leche  Sin Lactosa(LÁCTEOS), Cerdo, Cebolla, Aceite de Oliva, Sal y Pimienta Blanca",6.65,230.0,4.8,11.2,18.7,480.0,"LÁCTEOS, GLUTEN",False,False,False,False,False,False,False,False,False,False,False,False
Estofado de Cerdo con Tomate +GRANDE,"Cerdo 53.88%, Tomate 21.35%, Agua, Cebolla, Vino, Zanahoria, Pimiento, Aceite de Oliva, Sal, Ajo, Pimienta Negra y Laurel",7.45,116.0,12.2,1.9,6.2,480.0,,False,False,True,False,False,True,True,True,False,True,True,True
Lomo Jugoso en Salsa al Whisky con Patatas +GRANDE,"Cerdo 51.32%, Patata 25.27%, Agua, Aceite de Oliva, Cebolla, Ajo, Whisky 1.36%, Limón, Vino, Caldo de Carne, Roast Pork, Sal y Pimienta",8.15,166.0,6.4,5.2,11.4,480.0,,False,False,False,False,False,False,False,True,False,False,True,False
Arroz Basmati de guarnición,"Arroz 39.37%, Agua, Sal, Aceite de Oliva y Ajo.",3.8,116.0,2.3,25.9,0.2,300.0,,True,True,False,False,False,False,False,True,False,True,True,False
Calabacines Rellenos con Heura,"Agua, Concentrado de Proteína de Guisante, Aceite de Oliva, Aromas, Concentrado (Remolacha, Zanahoria, Manzana, Pimentón, Rábano e Hibisco), Fibra Vegetal, Metilcelulosa, Antioxidante, Hierro y Vitamina B12) 25.14%, Calabacín 12.57%, Cebolla, Tomate, leche de Soja (SOJA), Vino, Aceite de Oliva, Patata, Pimiento, Zanahoria, Harina de maiz, Ajo, Sal, Pimienta y Nuez Mosada",6.25,127.0,6.9,3.6,8.6,380.0,SOJA,True,False,False,False,False,False,False,False,True,True,True,False
Curry de Heura con Arroz Basmati,"Agua, Concentrado de Proteína de Soja (SOJA), Aceite de Oliva, Sal, Aromas, Especias y Vitamina B12, Arroz 12.16%, leche de Soja (SOJA), leche de Coco, Cebolla, Aceite de Oliva, Tomate, Zumo de Limón, Curry Amarillo 0.68%, Sal, Comino, Pimentón Picante, Canela, Colorante Alimentario y Pimienta Negra",4.85,169.0,8.7,13.3,8.8,380.0,SOJA,True,True,False,False,False,False,False,True,False,True,True,True
El libro gordo del ahorro de NoCocinoMas,,0.0,0.0,0.0,0.0,0.0,0.0,,True,True,False,True,False,False,False,True,False,True,True,True
El libro gordo del ahorro de NoCocinoMas Especial Keto,,0.0,0.0,0.0,0.0,0.0,0.0,,True,True,False,True,False,False,False,True,False,True,True,True
Espaguetis a la Boloñesa con Heura,"Agua, Concentrado de Proteína de Guisante, Aceite de Oliva, Aromas, Concentrado de, Zanahoria, Tomate, Pimentón, Metilcelulosa, Sémola de trigo 24.51% (GLUTEN), Hierro, Vitamina B12, Vino, Sal, Ajo, Remolacha, Aceite de Oliva, Cebolla, Manzana, Fibra Vegetal, Antioxidante, Orégano y Pimienta Negra, Apio (APIO)",6.45,214.0,5.9,10.5,16.1,380.0,"APIO, GLUTEN",True,True,False,False,False,False,False,True,False,False,False,False
Guía impresa - Primera Semana Keto,,0.0,0.0,0.0,0.0,0.0,0.0,,True,True,False,True,False,False,False,True,False,False,True,True
Guía impresa - Segunda Semana Keto,,0.0,0.0,0.0,0.0,0.0,0.0,,True,True,False,True,False,False,False,True,False,False,True,True
Guía impresa - Tercera Semana Keto,,0.0,0.0,0.0,0.0,0.0,0.0,,True,True,False,True,False,False,False,True,False,False,True,True
Hamburguesa de Heura con Cebolla Caramelizada y Patatas,"Patata  40.12%, Agua, Concentrado de Proteína de Guisante, Aceite de Oliva, Grasa de Karité, Aromas, Ajo, Mostaza (MOSTAZA), Antioxidante, Aceite de Oliva 0.52%, Jarabe de Arce, Zanahoria, Remolacha, Fibra Vegetal, Vinagre, Sal, Pimienta, Comino, Estabilizante, Azúcar, Pimiento, Cilantro, Cebolla 10.47%, Manzana, Vino, Mermelada, Pimentón, Hierro, Vitamina B12, Salsa BBQ",6.45,98.8,6.3,10.6,3.0,380.0,MOSTAZA,True,True,False,True,False,False,False,True,False,False,True,False
Heura a la Peruana con Puré de Patatas,"Agua, concentrado de Proteína de Soja (SOJA), Aceite de Oliva, Sal, Aromas, Especias, Vitamina B12, Patata 30.47%, Agua, Vino, Mostaza (MOSTAZA), Aceite de Oliva, leche de Soja (SOJA), Zumo de Limón, Harina de maiz, Sal, Comino, Ajo, Tomillo y Orégano, Pimienta Negra",6.45,129.0,9.4,7.9,6.0,380.0,"SOJA, MOSTAZA",True,False,False,False,False,False,False,False,True,False,False,False
Nuggets de Heura con Patatas,"Agua, Concentrado de Proteína de Soja (SOJA), Harina de Arroz, Aceite de Nabina, Aroma, Harina de Maíz, Almidones de Patata, Maíz, Aceite de Oliva, Estabilizante, Fibras Vegetales, Sal, Dextrosa, Patatas 43.75% y Aceite de Oliva",4.95,145.0,7.8,14.1,4.6,380.0,SOJA,True,True,False,False,False,False,False,True,False,False,False,False
Patatas Gajo de guarnición,"Patatas 99.87%, Aceite de Oliva, Sal y Pimienta Negra",3.8,312.0,3.4,41.0,15.0,300.0,,True,True,False,False,False,False,False,True,False,False,True,False
Tacos de Heura (incluye tortillas),"Agua, Concentrado de Proteína de Guisante, Aceite de Oliva, Aromas, Ajo, Antioxidante, Pimiento, Rábano, Hibisco, Tomate, Metilcelulosa, Remolacha, Fibra Vegetal, Zanahoria,  Manzana, Jalapeños, Comino, Pimentón, Sal, Hierro, Vitamina B12, Orégano, Pimiento, Cayena, Cebolla, Pimentón Dulce y Tabasco",6.95,135.0,11.1,4.4,7.6,380.0,,True,True,True,False,False,False,True,True,False,True,True,True
Callos a la Madrileña con Garbanzos,"Ternera 43.86%, Garbanzos 18.71%, Agua, Cebolla, Jamón, Chorizo, Pimiento Choricero, Morcilla, Aceite de Oliva, Ajo, Sal, Cayena, Pimienta Negra y Laurel",6.65,150.0,9.2,5.2,9.5,380.0,,False,False,False,False,False,True,False,True,True,True,True,True
Cocido Madrileño,"Agua, Garbanzos 30.62%, Patatas, Cerdo, Pollo, Col, Zanahoria, Cebolla, Chorizo, Morcilla, Aceite de Oliva, Caldo de Carne, Sal y Hueso de Jamón",5.95,101.0,6.2,6.3,5.3,380.0,,False,False,False,False,False,True,False,True,False,False,True,False
Espinacas con Garbanzos,"Espinacas 62.20%, Garbanzos, 31.10%, Aceite de Oliva, Pan (GLUTEN), Ajo, Pimentón, Sal y Comino",5.85,78.0,3.7,5.5,4.1,380.0,GLUTEN,True,True,False,True,False,False,False,True,False,True,False,False
Fabada Asturiana Casera,"Agua, Fabes 12.84%, Cerdo, Lacon, Chorizo Asturiano, Morcilla Asturiana, Aceite de Oliva y Pimentón Dulce",6.25,156.0,8.3,9.4,8.2,380.0,LÁCTEOS,False,False,False,False,False,True,False,True,True,False,True,True
Garbanzos con Langostinos y Chorizo,"Garbanzos 42.18%, Langostino (CRUSTÁCEOS) 20.46%, Agua, Chorizo 5.30%, Cebolla, Pimiento, Tomate, Vino, Aceite de Oliva, Sal, Harina de maiz, Caldo de Carne, Ajo y Perejil",6.35,152.0,7.0,7.6,9.5,380.0,CRUSTÁCEOS,False,False,False,False,False,True,False,True,False,False,False,False
Garbanzos con Verduras,"Garbanzos 20.50, Pimiento 13.45%, Cebolla, 11.53%, Zanahoria 9.81%, Agua, Tomate 9.06%, Calabaza 7.69%, Judías Verdes 6.41%, Calabacín 5.68%, Patata 2.56%, Aceite de Oliva, Ajo, Caldo de Verduras y Pimentón Dulce",5.55,92.6,4.5,10.4,2.9,380.0,,True,True,False,True,False,True,False,True,False,True,True,False
Judías Blancas con Chorizo,"Alubias Blancas 36.26%, Agua, Patata, Cebolla, Chorizo 7.93%, Pimiento, Zanahoria, Aceite de Oliva, Ajo, Sal y Pimentón Dulce",5.95,91.1,5.4,10.7,2.4,380.0,,False,False,False,True,False,True,False,True,False,True,True,False
Judías Pintas con Verduritas y Jamón Serrano,"Judías Pintas 39.96%, Agua, Jamón 12.65%, Zanahoria 5.20%, Cebolla 5.05%, Tomates 3.29, Pimiento 5,5%, Aceite de Oliva, Ajo, Pimentón dulce, Sal, Pimienta Blanca y Laurel",6.55,99.6,6.7,8.9,3.6,380.0,,False,False,False,True,False,True,False,True,False,True,True,True
Lentejas con Verduras,"Agua, Lentejas 13.61%, Patata 10.20%, Zanahoria 7.99%, Cebolla 6.80%, Calabaza 5.44%, Tomate 4.08%, Pimiento 6.80%, Puerro 2.72%, Aceite de Oliva, Caldo de Verduras, Ajo y Pimentón Dulce",5.55,73.7,4.0,8.2,2.0,380.0,,True,True,False,True,False,True,False,True,False,True,True,False
Lentejas Riojanas,"Agua, Lentejas 18.25%, Patata, Chorizo 10.48%, Zanahoria, Cebolla, Pimiento, Aceite de Oliva, Sal, Pimentón Dulce y Laurel",5.55,94.4,6.3,9.3,2.8,380.0,,False,False,False,True,False,True,False,True,False,True,False,False
Marmitako de Atún,"Patatas, Agua, Atún 18.40% (PESCADO), Cebolla, Vino, Pimiento, Aceite de Oliva, caldo de Pescado, Sal, Ajo, Colorante, Pimienta Blanca y Laurel",6.15,66.9,3.8,6.1,2.2,380.0,PESCADO,False,False,False,True,False,True,False,True,False,True,True,False
Patatas a la Riojana,"Patatas 44.23%, Agua, Chorizo, Cebolla, Aceite de Oliva, Carne de Pimiento Choricero, Ajo, Caldo de Carne, Harina de maiz, Sal, Pimentón Picante y Laurel",5.85,75.5,2.7,6.8,4.0,380.0,,False,False,False,True,False,False,False,True,False,True,False,False
Patatas con Choco,"Patatas 39.34%, Chocos 23.60% (PESCADO), Agua, Cebolla, Tomate, Pimiento, Aceite de Oliva, Vino, Ajo, Sal, Caldo de Pescado (PESCADO), Harina de maiz y Colorante",5.95,69.5,3.9,6.6,2.8,380.0,PESCADO,False,False,False,True,False,False,False,True,False,True,False,False
Espinacas con Garbanzos +GRANDE,"Espinacas 62.20%, Garbanzos, 31.10%, Aceite de Oliva, Pan (GLUTEN), Ajo, Pimentón, Sal y Comino",6.85,78.0,3.7,5.5,4.1,480.0,GLUTEN,True,True,False,True,False,False,False,True,False,True,False,False
Judías Verdes Salteadas con Jamón +GRANDE,"Judías Verdes 71.40%, Cebolla, Jamón 9.06%, Aceite de Oliva, Ajo, Sal y Pimienta Blanca",6.45,69.3,3.5,3.9,3.7,480.0,,False,False,False,True,False,False,False,True,False,True,True,True
Pollo al Chilindrón +GRANDE,"Pollo 44%, Cebolla, Pimiento, Tomate, Jamón, Vino, Aceite de Oliva, Sal, Ajo, Pimentón Dulce, Pimienta Blanca y Perejil",7.85,119.0,16.0,2.6,4.6,480.0,,False,False,True,False,False,False,True,True,False,True,True,True
Canelones de Carne Gratinados,"Ternera 25.15%, Cerdo 25.15%, Aceite de Oliva, Cebolla, Zanahoria, Ajo, Bacon, Vino, Tomate, Sal, Caldo de Carne, Orégano, leche Sin Lactosa (LÁCTEOS), Agua, Sal, Aceite de Oliva, Nuez Moscada, Harina de maiz, Caldo de Carne, Canelónes (GLUTEN) y Queso Sin Lactosa. (LÁCTEOS)",6.55,133.0,7.3,10.3,6.8,380.0,"LÁCTEOS, GLUTEN",False,False,False,False,False,False,False,True,False,False,False,False
Canelones de Espinacas con Almendras y Roquefort,"Espinacas 33.84%, leche (LÁCTEOS), Agua, Sémola de trigo (GLUTEN), Nata (LÁCTEOS), Queso Sin Lactosa (LÁCTEOS), Aceite de Oliva, Queso Roquefort 2.63% (LÁCTEOS), Harina de maiz, Aceite de Oliva, Ajo, Almendra 0.75%, Sal, Nuez Moscada y Pimienta",5.65,170.0,4.7,15.8,9.7,380.0,"LÁCTEOS, GLUTEN",True,False,False,False,False,False,False,False,True,False,False,False
Canelones de Pisto,"Calabacín, Berenjena, Pimiento, Cebolla, Patata, leche sin lactosa (LÁCTEOS), Agua, Sémola de trigo (GLUTEN), Tomate, Aceite de Oliva, Queso sin lactosa (LÁCTEOS), Harina de maiz, Sal, Nuez Moscada, Azúcar y Pimienta Blanca",5.85,132.0,3.9,10.0,8.2,380.0,"LÁCTEOS, GLUTEN",True,False,False,False,False,False,False,False,False,False,False,False
Curry Verde de Tallarines y Langostinos,"Langostinos 18.42% (CRUSTÁCEOS), leche de Coco, Tallarines 14.97%, Calabacín, Zanahoria, Cebolla, Berenjenas, Tomates, Pimiento, Aceite de Oliva, Curry Verde 1.33%, Caldo de Verduras, Sal y Perejil",6.95,182.0,5.1,12.6,12.8,380.0,CRUSTÁCEOS,False,False,False,False,False,True,False,True,True,True,False,False
Espagueti al Pesto,"Leche Sin Lactosa 30.65% (LÁCTEOS) , Albahaca, Aceite de Oliva, Bacon, Queso (LÁCTEOS), Sal, Piñones, Anacardos (FRUTOS DE CÁSCARA), Ajo, Sémola de trigo 20.43% (GLUTEN) y Tomate",5.95,261.0,5.2,9.5,22.5,380.0,"LÁCTEOS, GLUTEN, FRUTOS DE CÁSCARA",False,False,False,False,False,False,False,False,True,False,False,False
Espaguetis a la Boloñesa,"Tomate, Sémola de trigo 23.85% (GLUTEN), Ternera 12.94%, Cerdo 12.94%, Cebolla, Vino, Aceite de Oliva, Apio (APIO), Zanahoria, Sal, Ajo, Orégano y Pimienta Negra",5.45,225.0,5.8,17.8,14.5,380.0,"APIO, GLUTEN",False,False,False,False,False,False,False,True,False,False,False,False
Espaguetis a la Carbonara,"Nata 32.38% (LÁCTEOS), Sémola de trigo 27.18% (GLUTEN), leche  Sin Lactosa(LÁCTEOS), Cerdo, Cebolla, Aceite de Oliva, Sal y Pimienta Blanca",5.65,230.0,4.8,11.2,18.7,380.0,"LÁCTEOS, GLUTEN",False,False,False,False,False,False,False,False,False,False,False,False
Lasaña de Atún,"Sémola de trigo 21.54% (GLUTEN), leche sin lactosa (LÁCTEOS), Agua, Atún (PESCADO) 9.77%, Tomate, Huevo (HUEVO), Cebolla, Tomate, Pimiento, Aceite de Oliva, Queso Sin Lactosa (LÁCTEOS), Harina de maiz, Patata, Sal y Nuez Moscada",6.35,153.0,7.0,23.3,3.0,400.0,"HUEVO, LÁCTEOS, PESCADO, GLUTEN",False,False,False,False,False,False,False,True,False,False,False,False
Lasaña de Carne,"Leche (LÁCTEOS), Agua, Ternera 12.71%, Cerdo 12.71%, Tomate, Sémola de trigo 7% (GLUTEN), Cebolla, Aceite de Oliva, Zanahoria, Queso Sin Lactosa (LÁCTEOS), Harina de maiz, Vino, Sal, Ajo, Caldo de Carne, Nuez Moscada y Orégano",6.9,133.0,7.3,10.3,6.8,400.0,"LÁCTEOS, GLUTEN",False,False,False,False,False,False,False,False,True,False,False,False
Lasaña de Jamón de York y Queso,"Jamón York 25.81%, Queso Sin Lactosa 17.77% (LÁCTEOS), leche Sin Lactosa (LÁCTEOS), Agua, Tomate, Sémola de trigo 7.29% (GLUTEN), Aceite de Oliva, Harina de maiz, Sal, Ajo, Orégano y Nuez Moscada",6.15,210.0,11.8,11.1,13.2,400.0,"LÁCTEOS, GLUTEN",False,False,False,False,False,False,False,True,False,False,False,False
Macarrones con Atún,"Tomate, Sémola de trigo 18.09% (GLUTEN), Aceite de Oliva, Atún (PESCADO) 12.06%, Tomate, Cebolla, Pimiento, Sal, Ajo, Orégano, Albahaca y Pimienta",5.65,202.0,8.2,36.9,3.4,380.0,"GLUTEN, PESCADO",False,False,False,False,False,False,False,True,False,False,False,False
Macarrones con Chorizo,"Tomate, Sémola de trigo 22.90% (GLUTEN), Chorizo 14.75%, Cebolla, Pimiento, Aceite de Oliva, Sal y Orégano",5.25,195.0,4.9,15.4,12.9,380.0,GLUTEN,False,False,False,False,False,False,False,True,False,False,False,False
Ñoquis con Boloñesa de Chorizo Picante,"Patata 37.35%, Tomate, Chorizo, Ternera, Cerdo, Cebolla, Queso sin lactosa (LÁCTEOS), Vino, Apio (APIO), Harina de trigo (GLUTEN), Zanahoria, Aceite de Oliva, Sal, Ajo, Orégano, Pimienta Negra y Pimentón Picante",6.75,217.0,9.7,19.9,10.5,380.0,"GLUTEN, LÁCTEOS, APIO",False,False,False,False,False,False,False,False,True,False,False,False
Pollo a la Manzanilla con Bechamel y Espirales,"Pollo 49.57%, Sémola de trigo 16,44% (GLUTEN), leche Sin Lactosa (LÁCTEOS), Agua, Sal, Aceite de Oliva, Nuez Moscada, Harina de maiz, Setas, Vino, Salsa de soja (SOJA) y Azúcar",5.65,181.0,8.1,10.0,11.8,380.0,"SOJA, LÁCTEOS, GLUTEN",False,False,False,False,False,False,False,False,True,False,False,False
Tallarines a la Puttanesca,"Tomate, Sémola de trigo 25.65%, Tomates, Anchoas (PESCADO), Aceitunas negras, Alcaparras, Aceite de Oliva, Ajo, Tabasco, Sal y Orégano",5.95,169.0,3.6,12.1,11.8,380.0,PESCADO,False,False,False,False,False,False,False,True,True,False,False,False
Tortellini de Queso con Salsa de Jamón,"Nata (LÁCTEOS), leche Sin Lactosa (LÁCTEOS), Sémola de trigo 24%(GLUTEN), Leche  (LÁCTEOS), Jamón 7.06%, Margarina, Sal, Pimienta Blanca, Roast Pork y Nuez Moscada",5.95,119.0,4.5,10.7,6.2,380.0,"LÁCTEOS, GLUTEN",False,False,False,False,False,False,False,False,False,False,False,False
Tortellini de Setas con Salsa a los 3 Quesos,"leche  Sin Lactosa(LÁCTEOS), Sémola de trigo 31.74% (GLUTEN), Nata (LÁCTEOS), Queso Roquefort 3.77% (LÁCTEOS), Queso 3.73% (LÁCTEOS), Queso Sin Lactosa 3.68% (LÁCTEOS), Aceite de Oliva, Ajo y Sal",6.45,143.0,5.4,15.9,2.5,380.0,"LÁCTEOS, GLUTEN",True,False,False,False,False,False,False,False,True,False,False,False
Wok de Ternera y Verduritas,"Ternera 47.56%, Salsa de Ostras (Agua, Azúcar, Extracto de Ostras (MOLUSCOS), Agua y Sal), Cebolla, Sémola de trigo 7.13% (GLUTEN), Pimiento, Zanahoria, Aceite de Oliva, Salsa de Soja (SOJA), Sal, Azúcar, Ajo, Sal, Roast Pork y Pimienta Negra",7.25,134.0,11.1,9.9,5.3,380.0,"SOJA, GLUTEN, MOLUSCOS",False,False,False,False,False,False,False,True,False,False,False,False
Yakisoba con Gambas,"Agua, Jarabe de Maíz de alta Fructosa, Melaza, Salsa de Soja (SOJA), Sal, Vinagre, Proteína de Soja Hidrolizada (SOJA), Pasta de Tomate, Almidón de Maíz Modificado, Colorante, Especias, Pasta de Cebolla, Extracto de Levadura, Pasta de Manzana, Espesante, Extracto de Seta Shiitake, Ajo, Extracto de Cebolla, Jugo de Dátil Concentrado) 22.59%, Fideos Chinos 17.62% (GLUTEN), Gambas 13.28% (CRUSTÁCEOS), Pimiento, Cebolla, Repollo, Zanahoria, Cola de Langostino (CRUSTÁCEOS) y Chocos (PESCADO)",6.7,142.0,5.0,16.2,6.6,350.0,"GLUTEN, CRUSTÁCEOS, SOJA, PESCADO",False,False,False,False,False,False,False,True,False,False,False,False
Yakisoba con Verduritas y Bacon,"Sémola de trigo 25.72% (GLUTEN), Salsa Yakisoba (Agua, Jarabe de Maíz de alta Fructosa, Melaza, Salsa de Soja (SOJA), Sal, Vinagre Destilado, Proteína de Soja Hidrolizada (SOJA), Pasta de Tomate, Almidón de Maíz Modificado, Colorante, Especias, Pasta de Cebolla, Extracto de Levadura, Pasta de Manzana, Espesante, Extracto de Seta Shiitake, Ajo, Jugo de Dátil Concentrado), Col 11.61%, Cebolla 11.02%, Bacon 11.02%, Zanahoria 7.50% y Pimiento 11,10%",6.7,202.0,4.1,17.8,12.9,350.0,"GLUTEN, SOJA",False,False,False,False,False,False,False,True,False,False,False,False
Albóndigas de Atún con Pisto,"Calabacín, Berenjenas, Pimiento, Cebolla, Patata, Atún (PESCADO) 21.26%, Tomate, Pan, Tomate, Cebolla, Zanahoria, Aceite de Oliva, Pan (GLUTEN), Salsa de soja (SOJA), Huevo (HUEVO), leche  Sin Lactosa(LÁCTEOS), Sal, Ajo, Perejil, Azúcar y Pimienta Blanca",6.45,92.0,8.3,8.4,2.4,380.0,"HUEVO, SOJA, PESCADO. GLUTEN, LÁCTEOS",False,False,False,True,False,False,False,False,True,True,False,False
Albóndigas de Choco y Gambas,"Agua, Choco (PESCADO) 19.53%, Cebolla, Langostino (CRUSTÁCEOS) 8.20%, Zanahoria, Pan (GLUTEN), leche  Sin Lactosa(LÁCTEOS), Vino, Huevo (HUEVO), Aceite de Oliva, Pescado (PESCADO), Ajo, Sal, Perejil, Pimienta y Laurel",6.95,73.0,6.1,6.2,2.2,380.0,"HUEVO, GLUTEN, PESCADO, CRUSTÁCEOS, LÁCTEOS",False,False,False,True,False,False,False,False,True,True,False,False
Bacalao a la Vizcaína,"Bacalao 71.01% (PESCADO) , Pan (GLUTEN), Cebolla, Pimiento, Vino, Tomate, Aceite de Oliva, Ajo, Agua, Sal y Caldo de Verduras",7.95,114.0,11.3,2.9,6.0,380.0,"PESCADO, GLUTEN",False,False,False,False,False,False,False,True,True,True,False,False
Bacalao al Pilpil con Pimientos del Piquillo,"Bacalao 71.34% (PESCADO) , Aceite de Oliva 14.24%, Pimientos del Piquillo, Ajo y Goma Xantana",7.95,131.0,10.0,1.0,9.0,380.0,PESCADO,False,False,True,False,False,False,False,True,True,True,True,True
Bacalao sobre Parmentier,"Bacalao 72.97% (PESCADO), Patata, Nata (LÁCTEOS), Puerro, Aceite de Oliva, Sal, Pimentón Dulce, Pimienta y Nuez Moscada",7.95,114.0,8.9,4.2,6.7,380.0,"LÁCTEOS, PESCADO",False,False,False,False,False,False,False,False,True,True,True,False
Calamares en su tinta con Arroz blanco,"Calamares 41.55% (PESCADO), Tomates, Agua, Cebolla, Arroz 6.92%, Vino, Aceite de Oliva, Ajo, Tinta de Calamar 0.42% (PESCADO), Sal y Pimentón Picante",5.95,87.8,5.8,7.6,2.2,380.0,PESCADO,False,False,False,True,False,False,False,True,True,True,True,False
Merluza a la Marinera,"Merluza 66.47% (PESCADO), Tomate, Cebolla, Gambas (CRUSTÁCEOS), Mejillón (MOLUSCOS), Almeja (MOLUSCOS), Vino, Pimiento, Agua, Aceite de Oliva, Ajo, Harina de maiz, Pimentón Dulce, Sal, Perejil, Pimienta Blanca y Laurel",7.45,41.4,6.1,1.3,1.0,380.0,"CRUSTÁCEOS, PESCADO, MOLUSCOS",False,False,True,True,False,False,False,True,True,True,True,True
Merluza al horno con Patatas Panaderas,"Merluza 46.77% (PESCADO), Patatas 30.57%, Aceite de Oliva, Cebolla, Limón, Vino, Ajo, Sal, Pimienta y Perejil",7.85,53.3,6.6,4.2,1.0,380.0,PESCADO,False,False,False,True,False,False,False,True,False,True,True,False
Merluza al horno con Pisto,"Aceite de Oliva, Tomates, Sal, Pimiento, Azúcar, Merluza 55.67% (PESCADO), Berenjena, Calabacín, Patata, Cebolla y Pimienta Blanca",7.85,61.2,6.4,3.8,1.9,380.0,PESCADO,False,False,False,True,False,False,False,True,False,True,True,False
Merluza en Salsa de Almendras,"Merluza 62.94% (PESCADO), Pimiento, Tomate, Cebolla, Almendra 3.08% (FRUTOS DE CÁSCARA), Aceite de Oliva, Ajo, Vino, Pimentón Dulce y Sal",7.95,90.5,8.9,1.1,5.2,380.0,"PESCADO, FRUTOS DE CÁSCARA",False,False,True,True,False,False,True,True,True,True,True,True
Merluza en Salsa Verde con Menestra,"Pimiento, Merluza 21.90% (PESCADO), Agua, Zanahoria, Guisantes, Ajo, Caldo de Verduras, Sal, Perejil, Aceite de Oliva, Harina de maiz, Coliflor y Judías Verdes",7.85,43.1,5.8,3.5,0.4,380.0,PESCADO,False,False,False,True,False,False,False,True,False,True,True,True
Pez de Espada con Tomatitos Cherry y Judías Verdes,"Pez de Espada 51.42% (PESCADO), Judías Verdes 35.99%, Tomates Cherry 7.20%, Aceite de Oliva, Ajo, Perejil y Sal",7.95,147.0,9.1,2.1,11.2,380.0,PESCADO,False,False,True,False,False,False,False,True,True,True,True,True
Pimientos del Piquillo Rellenos de Atún,"Pimientos del Piquillo 28.70%, Tomate, Atún (PESCADO) 17.33%, Cebolla, Pimiento, Agua, Aceite de Oliva, Paté de Hígado, Harina de maiz, Sal y Pimienta",6.35,90.3,3.5,4.2,6.4,380.0,PESCADO,False,False,False,True,False,False,False,True,True,True,True,True
Rosada a la Roteña,"Rosada 66.51% (PESCADO), Pimiento, Cebolla, Tomate, Aceite de Oliva, Ajo, Sal y Caldo de Verduras",7.45,57.6,5.2,1.7,3.1,380.0,PESCADO,False,False,False,True,False,False,False,True,False,True,True,True
Salmón al Pesto y Espinacas,"Salmón 45.35% (PESCADO), Espinacas 32.57%, Mayonesa (HUEVO), Albahaca, Agua, Aceite de Girasol, Queso (LÁCTEOS), Anacardos (FRUTOS DE CÁSCARA), Sal, Almidón Modificado de Maíz, Azúcar, Regulador de Acidez y Sal",7.95,218.0,7.9,1.4,19.9,380.0,"LÁCTEOS, PESCADO, HUEVO, FRUTOS DE CÁSCARA",False,False,True,False,False,False,False,False,True,True,True,False
Salmón en Hojaldre y Crema de Queso,"Salmón 63.18% (PESCADO), Queso 25.27% (LÁCTEOS), Nata 5.26% (LÁCTEOS), Huevo (HUEVO), Sal, Eneldo, Pimienta, Harina de Trigo (GLUTEN) y Mantequilla (LÁCTEOS)",8.95,259.0,18.6,10.1,17.2,380.0,"LÁCTEOS, HUEVO, PESCADO, GLUTEN",False,False,False,False,True,True,True,False,True,False,False,False
Salmón en Salsa de Yogur y Eneldo,"Salmón 48.39% (PESCADO), Patata, Huevo (HUEVO), Aceite de oliva, Yogur (LÁCTEOS), Queso (LÁCTEOS), Mostaza (MOSTAZA), Sal, Eneldo y Pimienta Negra",8.4,206.0,10.3,5.3,16.4,380.0,"LÁCTEOS, PESCADO, MOSTAZA, HUEVO",False,False,False,False,False,False,False,False,True,True,True,False
Salmón Teriyaki con Noodles y Setas,"Salmón 61.85% (PESCADO), Salsa Teriyaki, Mirin, Azúcar, Almidón de Azúcar, Espesante, Conservante, Setas, Sémola de trigo (GLUTEN), Puerros, Sésamo(SÉSAMO) y Jengibre",7.95,128.0,9.9,12.6,3.9,380.0,"PESCADO, SÉSAMO, SOJA, GLUTEN",False,False,False,False,False,False,False,True,True,False,False,False
Arroz con Leche Casero,"Leche  Sin Lactosa(LÁCTEOS) 73.72% Arroz 12.29%, Azúcar, Canela y Esencia de Limón",3.95,132.0,3.6,21.5,3.5,190.0,LÁCTEOS,True,False,False,False,True,False,False,True,False,False,True,False
Brownie de Chocolate con Avellanas,"Azúcar, Margarina, Huevo (HUEVO), Harina de maiz, Cacao 7.64%, Avellana (FRUTOS DE CÁSCARA) y Levadura",4.65,484.0,5.5,48.2,29.7,180.0,"HUEVO, FRUTOS DE CÁSCARA",True,False,False,False,True,False,False,True,False,False,False,False
Postre de Turrón Casero,"Leche  Sin Lactosa(LÁCTEOS), Almendras (FRUTOS DE CÁSCARA), Caramelo, Flan Royal y Huevo (HUEVO)",3.95,227.0,6.3,24.0,11.3,150.0,"HUEVO, LÁCTEOS, FRUTOS DE CÁSCARA",True,False,False,False,True,True,False,False,False,False,True,False
Tarta de Queso,"Harina de trigo, Mantequilla (LÁCTEOS), Queso 16.74% (LÁCTEOS), Nata (LÁCTEOS), Azúcar, leche (LÁCTEOS), Huevo (HUEVO), Limón, Fresas y Frambuesas",3.95,294.0,5.0,31.3,16.3,150.0,"HUEVO, LÁCTEOS",True,False,False,False,True,False,False,False,True,False,False,False
Cazuela de Fideos con Marisco y Pescado,"Agua, Gambas 51.26% (CRUSTÁCEOS), Patatas, Fideos 5.69% (GLUTEN), Calamares 5.47% (PESCADO), Rosada 3.87% (PESCADO), Mejillón 3.03% (MOLUSCOS), Cebolla, Aceite de Oliva,Almeja 1.14%, Guisantes, Vino, Caldo de Pescado (PESCADO), Pimiento, Pimiento, Sal, Ajo, Pimentón Dulce y Pimienta Blanca.",5.05,51.0,3.2,7.4,0.5,380.0,"GLUTEN, CRUSTÁCEOS. MOLUSCOS, PESCADO",False,False,False,True,False,True,False,True,True,True,False,False
Crema de Marisco,"Agua, Gambas 21.77% (CRUSTÁCEOS), Patatas, Pulpo 5.44%, Zanahoria, Puerro, Surimi 3.26%, Tomate, Merluza 2.72% (PESCADO), Caldo de Pescado, Aceite de Oliva, y Sal.",5.45,51.0,3.3,7.0,0.9,380.0,"CRUSTÁCEOS, PESCADO",False,False,False,True,False,True,False,True,False,True,True,False
Crema de Puerros o Vichyssoise,"Agua, Puerro 24.87%, Cebolla, Patata, Nata (LÁCTEOS), Aceite de Oliva, Ajo, Sal, Caldo de Verduras",5.05,47.0,1.3,3.5,2.9,380.0,LÁCTEOS,True,False,False,True,False,True,False,False,True,True,True,False
Crema de Verduras,"(Zanahoria, Guisantes, Coliflor, Judías Verdes) 34.06%, Agua, Nata (LÁCTEOS), Cebolla, Sal y Caldo de Verduras.",5.05,43.8,1.8,6.4,0.8,380.0,LÁCTEOS,True,False,False,True,False,True,False,False,False,True,True,False
Crema de Zanahoria,"Agua, Zanahoria 31.30%, Cebolla, Patata, Nata (LÁCTEOS), Queso (LÁCTEOS), Ajo, Caldo de Verduras y Sal",5.05,46.0,1.7,4.2,2.3,380.0,LÁCTEOS,True,False,False,True,False,True,False,False,False,True,True,False
Sopa Castellana,"Agua, Jamón, Pan (GLUTEN), Huevo (HUEVO), Aceite de Oliva, Caldo de Carne, Ajo y Pimentón Dulce",5.05,78.6,4.9,4.2,4.6,380.0,"HUEVO, GLUTEN",False,False,False,True,False,True,False,True,False,True,False,False
Cocido Madrileño FAMILIAR,"Agua, Garbanzos 30.62%, Patatas, Cerdo, Pollo, Col, Zanahoria, Cebolla, Chorizo, Morcilla, Aceite de Oliva, Caldo de Carne, Sal y Hueso de Jamón",16.75,101.0,6.2,6.3,5.3,1100.0,,False,False,False,False,False,True,False,True,False,False,True,False
Garbanzos con Langostinos y Chorizo FAMILIAR,"Garbanzos 42.18%, Langostino (CRUSTÁCEOS) 20.46%, Agua, Chorizo 5.30%, Cebolla, Pimiento, Tomate, Vino, Aceite de Oliva, Sal, Harina de maiz, Caldo de Carne, Ajo y Perejil",17.85,152.0,7.0,7.6,9.5,1100.0,CRUSTÁCEOS,False,False,False,False,False,True,False,True,False,False,False,True
Albóndigas de Choco y Gambas FAMILIAR,"Agua, Choco (PESCADO) 19.53%, Cebolla, Langostino (CRUSTÁCEOS) 8.20%, Zanahoria, Pan (GLUTEN), leche  Sin Lactosa(LÁCTEOS), Vino, Huevo (HUEVO), Aceite de Oliva, Pescado (PESCADO), Ajo, Sal, Perejil, Pimienta y Laurel",19.55,73.0,6.1,6.2,2.2,1100.0,"HUEVO, GLUTEN, PESCADO, CRUSTÁCEOS, LÁCTEOS",False,False,False,True,False,False,False,False,True,True,False,False
Albóndigas de Pollo con Tomate FAMILIAR,"Pollo 31.85%, Cebolla, Zanahoria, Ajo, Huevo (HUEVO), Sal, leche Sin Lactosa(LÁCTEOS), Aroma de Carne, Pan (GLUTEN), Tomate 26.36%, Cebolla, Vino, Pimienta, Ajo, Aceite de Oliva y Sal",17.25,72.3,5.9,6.4,2.3,1100.0,"HUEVO, GLUTEN, LÁCTEOS",False,False,False,True,False,False,False,False,False,True,False,False
Albóndigas de Pollo en Salsa FAMILIAR,"Agua, Pollo 24.93%, Zanahoria, Cebolla, Pan (GLUTEN), Vino, Huevo (HUEVO), Vino, Caldo de Verduras, Sal, Roast Pork, Ajo y Pimienta Negra.",17.25,78.1,5.6,5.8,3.2,1100.0,"HUEVO, GLUTEN",False,False,False,True,False,False,False,True,False,True,False,False
Albóndigas en Salsa de la Abuela FAMILIAR,"Ternera 10.93%, Cerdo 10.93%, Perejil, Cebolla, Huevo (HUEVO), Ajo, Caldo de Carne, Pan (GLUTEN) y leche Sin Lactosa (LÁCTEOS)), Vino, Aceite de Oliva, Pimienta, Pimentón, Pollo, Roast Pork, Tomate, Zanahoria y Guisantes",19.55,129.0,8.3,8.9,6.3,1100.0,"HUEVO, GLUTEN, LÁCTEOS",False,False,False,False,False,False,False,True,False,False,False,False
Estofado de Cerdo con Tomate FAMILIAR,"Cerdo 53.88%, Tomate 21.35%, Agua, Cebolla, Vino, Zanahoria, Pimiento, Aceite de Oliva, Sal, Ajo, Pimienta Negra y Laurel",18.15,116.0,12.2,1.9,6.2,1100.0,,False,False,True,False,False,True,True,True,False,True,True,True
Fabada Asturiana Casera FAMILIAR,"Agua, Fabes 12.84%, Cerdo, Lacon, Chorizo Asturiano, Morcilla Asturiana, Aceite de Oliva y Pimentón Dulce",17.55,156.0,8.3,9.4,8.2,1100.0,,False,False,False,False,False,True,False,True,True,False,True,True
Garbanzos con Verduras FAMILIAR,"Garbanzos 20.50, Pimiento 13.45%, Cebolla, 11.53%, Zanahoria 9.81%, Agua, Tomate 9.06%, Calabaza 7.69%, Judías Verdes 6.41%, Calabacín 5.68%, Patata 2.56%, Aceite de Oliva, Ajo, Caldo de Verduras y Pimentón Dulce",15.65,92.6,4.5,10.4,2.9,1100.0,,True,True,False,True,False,True,False,True,False,True,True,False
Judías Blancas con Chorizo FAMILIAR,"Alubias Blancas 36.26%, Agua, Patata, Cebolla, Chorizo 7.93%, Pimiento, Zanahoria, Aceite de Oliva, Ajo, Sal y Pimentón Dulce",16.75,91.1,5.4,10.7,2.4,1100.0,,False,False,False,True,False,True,False,True,False,True,True,False
Judías Pintas con Verduritas y Jamón Serrano FAMILIAR,"Judías Pintas 39.96%, Agua, Jamón 12.65%, Zanahoria 5.20%, Cebolla 5.05%, Tomates 3.29, Pimiento 5,5%, Aceite de Oliva, Ajo, Pimentón dulce, Sal, Pimienta Blanca y Laurel",18.45,99.6,6.7,8.9,3.6,1100.0,,False,False,False,True,False,True,False,True,False,True,True,True
Patatas con Choco FAMILIAR,"Patatas 39.34%, Chocos 23.60% (PESCADO), Agua, Cebolla, Tomate, Pimiento, Aceite de Oliva, Vino, Ajo, Sal, Caldo de Pescado (PESCADO), Harina de maiz y Colorante",16.75,69.5,3.9,6.6,2.8,1100.0,PESCADO,False,False,False,True,False,False,False,True,False,True,True,False
Pisto FAMILIAR,"Cebolla, Patatas, Tomate, Sal, Aceite de Oliva, Pimiento, Calabacín, Berenjenas y Pimienta Blanca",16.75,89.3,2.7,8.4,4.1,1100.0,,True,True,False,True,False,False,False,True,False,True,True,False
Albóndigas con Pisto +GRANDE,"Calabacín, Berenjena, Pimiento, Cebolla, Patatas, Pollo 24.85%, Tomate, Pan (GLUTEN), Zanahoria, Cebolla, Huevo (HUEVO), Aceite de Oliva, Sal, Roast Pork, Ajo, Azúcar y Pimienta Blanca",7.35,87.6,6.0,4.5,4.7,480.0,"HUEVO, GLUTEN",False,False,False,True,False,False,False,True,False,True,False,False
Albóndigas de Pollo en Salsa +GRANDE,"Agua, Pollo 24.93%, Zanahoria, Cebolla, Pan (GLUTEN), Vino, Huevo (HUEVO), Vino, Caldo de Verduras, Sal, Roast Pork, Ajo y Pimienta Negra.",7.25,78.1,5.6,5.8,3.2,480.0,"HUEVO, GLUTEN",False,False,False,True,False,False,False,True,False,True,False,False
Albóndigas en Salsa de la Abuela +GRANDE,"Ternera 10.93%, Cerdo 10.93%, Perejil, Cebolla, Huevo (HUEVO), Ajo, Caldo de Carne, Pan (GLUTEN) y leche Sin Lactosa (LÁCTEOS)), Vino, Aceite de Oliva, Pimienta, Pimentón, Pollo, Roast Pork, Tomate, Zanahoria y Guisantes",7.95,129.0,8.3,8.9,6.3,480.0,"HUEVO, GLUTEN, LÁCTEOS",False,False,False,False,False,False,False,False,True,False,False,False
Bacalao al Pilpil con Pimientos del Piquillo +GRANDE,"Bacalao 71.34% (PESCADO) , Aceite de Oliva 14.24%, Pimientos del Piquillo, Ajo y Goma Xantana",8.95,0.0,0.0,0.0,0.0,480.0,PESCADO,False,False,True,True,False,False,False,True,True,True,True,True
Calabacines Rellenos de Carne +GRANDE,"Calabacines 45.70%, Queso sin Lactosa (LÁCTEOS), leche  Sin Lactosa(LÁCTEOS), Agua, Cerdo 6.58%, Cebolla, Tomate, Aceite de Oliva, Harina de maiz, Vino, Patatas, Pimiento, Zanahoria, Sal, Ajo, Nuez Moscada y Pimienta",7.25,96.0,4.5,5.1,6.1,480.0,LÁCTEOS,False,False,False,True,False,False,False,True,False,True,True,False
Carrilleras de Cerdo en Salsa con Crema de Patatas +GRANDE,"Cerdo 60.82%, Agua, Patatas 8.12%, Cebolla, Zanahoria, Pimiento, Vino, Nata (LÁCTEOS), Aceite de Oliva, Ajo, Vino, Sal, Mantequilla (LÁCTEOS), Caldo de Carne, Pimienta Negra y Nuez Moscada.",8.15,172.0,13.5,14.5,5.9,480.0,LÁCTEOS,False,False,False,False,False,True,True,False,True,False,True,False
Cazuela de Fideos con Marisco y Pescado +GRANDE,"Agua, Gambas 51.26% (CRUSTÁCEOS), Patatas, Fideos 5.69% (GLUTEN), Calamares 5.47% (PESCADO), Rosada 3.87% (PESCADO), Mejillón 3.03% (MOLUSCOS), Cebolla, Aceite de Oliva,Almeja 1.14%, Guisantes, Vino, Caldo de Pescado (PESCADO), Pimiento, Pimiento, Sal, Ajo, Pimentón Dulce y Pimienta Blanca.",6.05,51.0,3.2,7.4,0.5,480.0,"GLUTEN, CRUSTÁCEOS. MOLUSCOS, PESCADO",False,False,False,True,False,True,False,True,False,True,False,False
Cocido Madrileño +GRANDE,"Agua, Garbanzos 30.62%, Patatas, Cerdo, Pollo, Col, Zanahoria, Cebolla, Chorizo, Morcilla, Aceite de Oliva, Caldo de Carne, Sal y Hueso de Jamón",6.95,101.0,6.2,6.3,5.3,480.0,,False,False,False,False,False,True,False,True,False,False,True,False
Estofado de Ternera +GRANDE,"Patatas,  Ternera 27.43%, Agua, Cebolla, Vino, Pimiento, Zanahoria, Aceite de Oliva, Sal, Caldo de Carne, Ajo y Colorante.",6.95,105.0,7.4,6.6,4.8,480.0,,False,False,False,False,False,True,False,True,False,True,True,False
Fabada Asturiana Casera +GRANDE,"Agua, Fabes 12.84%, Cerdo, Lacon, Chorizo Asturiano, Morcilla Asturiana, Aceite de Oliva y Pimentón Dulce",7.25,156.0,8.3,9.4,8.2,480.0,,False,False,False,False,False,True,False,True,True,False,True,True
Garbanzos con Langostinos y Chorizo +GRANDE,"Garbanzos 42.18%, Langostino (CRUSTÁCEOS) 20.46%, Agua, Chorizo 5.30%, Cebolla, Pimiento, Tomate, Vino, Aceite de Oliva, Sal, Harina de maiz, Caldo de Carne, Ajo y Perejil",7.35,152.0,7.0,7.6,9.5,480.0,CRUSTÁCEOS,False,False,False,False,False,True,False,True,False,False,False,False
Garbanzos con Verduras +GRANDES,"Garbanzos 20.50, Pimiento 13.45%, Cebolla, 11.53%, Zanahoria 9.81%, Agua, Tomate 9.06%, Calabaza 7.69%, Judías Verdes 6.41%, Calabacín 5.68%, Patata 2.56%, Aceite de Oliva, Ajo, Caldo de Verduras y Pimentón Dulce",6.55,73.7,4.0,8.2,2.0,480.0,,True,True,False,True,False,True,False,True,False,True,True,False
Judías Blancas con Chorizo +GRANDES,"Alubias Blancas 36.26%, Agua, Patata, Cebolla, Chorizo 7.93%, Pimiento, Zanahoria, Aceite de Oliva, Ajo, Sal y Pimentón Dulce",6.95,91.1,5.4,10.7,2.4,480.0,,False,False,False,True,False,True,False,True,False,True,True,False
Judías Pintas con Verduritas y Jamón Serrano +GRANDE,"Judías Pintas 39.96%, Agua, Jamón 12.65%, Zanahoria 5.20%, Cebolla 5.05%, Tomates 3.29, Pimiento 5,5%, Aceite de Oliva, Ajo, Pimentón dulce, Sal, Pimienta Blanca y Laurel",7.55,99.6,6.7,8.9,3.6,480.0,,False,False,False,True,False,True,False,True,False,True,True,True
Jugosa Pechuga de Pollo a la Miel y Mostaza +GRANDE,"Pollo 77.52%, Huevo (HUEVO), Aceite de Oliva, Miel 1.87%, Mostaza (MOSTAZA) 1.87%, Salsa de Soja (SOJA), Ajo, Sal, Aroma de Carne, Perejil y Pimienta Blanca",8.25,223.0,16.3,2.3,16.5,480.0,"SOJA, MOSTAZA, HUEVO",False,False,True,False,False,False,True,True,False,True,True,False
Lentejas con Verduras +GRANDES,"Agua, Lentejas 13.61%, Patata 10.20%, Zanahoria 7.99%, Cebolla 6.80%, Calabaza 5.44%, Tomate 4.08%, Pimiento 6.80%, Puerro 2.72%, Aceite de Oliva, Caldo de Verduras, Ajo y Pimentón Dulce",6.55,73.7,4.0,8.2,2.0,480.0,,True,True,False,True,False,True,False,True,False,True,True,False
Lentejas Riojanas +GRANDES,"Agua, Lentejas 18.25%, Patata, Chorizo 10.48%, Zanahoria, Cebolla, Pimiento, Aceite de Oliva, Sal, Pimentón Dulce y Laurel",6.55,94.4,6.3,9.3,2.8,480.0,,False,False,False,True,False,True,False,True,False,True,False,False
Marmitako de Atún +GRANDE,"Patatas, Agua, Atún 18.40% (PESCADO), Cebolla, Vino, Pimiento, Aceite de Oliva, caldo de Pescado, Sal, Ajo, Colorante, Pimienta Blanca y Laurel",7.15,66.9,3.8,6.1,2.2,480.0,PESCADO,False,False,False,True,False,True,False,True,False,True,True,False
Musaka +GRANDE,"Berenjenas 57.36%, leche (LÁCTEOS) Sin Lactosa, Agua, Ternera, Cerdo, Tomate, Queso Sin Lactosa (LÁCTEOS), Cebolla, Aceite de Oliva, Harina de maiz, Zanahoria, Bacon, Vino, Sal, Ajo, Caldo de Carne, Nuez Moscada y Orégano",7.35,103.0,5.8,4.6,6.6,450.0,LÁCTEOS,False,False,True,False,False,False,False,True,False,True,True,False
Pavo al Curry y Coliflor +GRANDE,"Pavo 41.72%, Coliflor 32.10%, Queso (LÁCTEOS), Cebolla, Nata (LÁCTEOS), Tomate, Aceite de Oliva, Curry Amarillo 0.39% y Sal",6.95,90.6,11.0,1.7,4.2,480.0,LÁCTEOS,False,False,True,True,False,False,True,False,True,True,True,False
Pollo a la Carbonara con Champiñones +GRANDE,"Pollo 50.80%, Champiñones 19.94%, Nata (LÁCTEOS), Cebolla, Queso (LÁCTEOS), Mantequilla (LÁCTEOS), Aceite de Oliva, Ajo, Sal y Pimienta",7.95,98.0,7.4,1.0,7.1,480.0,LÁCTEOS,False,False,True,True,False,False,False,False,False,True,True,False
Pollo al Curry con Arroz +GRANDE,"Pollo 33.14%, Agua, Nara, Arroz 8.93%, Manzana, leche (LÁCTEOS), Cebolla, Tomate, Aceite de Oliva, Limón, Curry Amarillo 0.71%, Caldo de Carne, Mantequilla (LÁCTEOS), Ajo, Sal, Cayena, Comino, Canela, Colorante y Pimienta Negra",7.85,127.0,7.6,10.5,6.0,480.0,LÁCTEOS,False,False,False,False,False,False,False,False,True,False,True,False
Pollo Asado a la Peruana +GRANDE,"Pollo 49.76%, Patata, Agua, Carne de Pimiento Choricero, Nata (LÁCTEOS), Vino, Mostaza (MOSTAZA), Limón, Aceite de Oliva, Harina de maiz, Ají Amarillo, Sal, Comino, Ajo, Tomillo, Pimienta Negra y Orégano",6.65,88.8,10.0,4.8,3.2,480.0,"LÁCTEOS, MOSTAZA",False,False,False,True,False,False,False,False,True,True,True,False
Pollo Tikka Masala con Arroz Basmati + GRANDE,"Pollo 37.58%, Agua, Tomate, Arroz 9.40%, Cebolla, Nata (LÁCTEOS), Tomate, Mantequilla (LÁCTEOS), Ajo, Aceite de Oliva, Comino, Sal, Canela, Curry, Jengibre, Azúcar, Cúrcuma, Cayena, Ajo y Pimentón dulce",7.85,220.0,9.8,17.1,12.5,480.0,LÁCTEOS,False,False,False,False,False,False,False,False,True,False,True,False
Solomillo a la Pimienta + GRANDE,"Patata 41.44%, Cerdo 39.74%, Nata (LÁCTEOS), Cebolla, Vino, Aceite de Oliva, Ajo, bovril (Caldo de Vacuno, Extracto de Levadura, Sal, Agua, Colorante, Almidón de Maíz, Carne de Vacuno Desidratada, Potenciadores del Sabor, Acidulante y Aromas), Sal, Pimienta en Grano y Pimienta Molida",8.25,120.0,8.7,6.0,5.9,480.0,LÁCTEOS,False,False,False,False,False,False,False,False,True,False,True,False
Wok de Ternera y Verduritas +GRANDE,"Ternera 47.56%, Salsa de Ostras (Agua, Azúcar, Extracto de Ostras (MOLUSCOS), Agua y Sal), Cebolla, Sémola de trigo 7.13% (GLUTEN), Pimiento, Zanahoria, Aceite de Oliva, Salsa de Soja (SOJA), Sal, Azúcar, Ajo, Sal, Roast Pork y Pimienta Negra",8.25,134.0,11.1,9.9,5.3,480.0,"SOJA, GLUTEN, MOLUSCOS",False,False,False,False,False,False,True,True,False,False,False,False
Estofado de Ternera FAMILIAR,"Patatas,  Ternera 27.43%, Agua, Cebolla, Vino, Pimiento, Zanahoria, Aceite de Oliva, Sal, Caldo de Carne, Ajo y Colorante.",16.75,105.0,7.4,6.6,4.8,1100.0,,False,False,False,False,False,True,False,True,False,False,True,False
Lentejas Riojanas FAMILIAR,"Agua, Lentejas 18.25%, Patata, Chorizo 10.48%, Zanahoria, Cebolla, Pimiento, Aceite de Oliva, Sal, Pimentón Dulce y Laurel",15.55,94.4,6.3,9.3,2.8,1100.0,,False,False,False,True,False,True,False,True,False,True,False,False
Carrilleras de Cerdo en Salsa con Crema de Patatas FAMILIAR,"Cerdo 60.82%, Agua, Patatas 8.12%, Cebolla, Zanahoria, Pimiento, Vino, Nata (LÁCTEOS), Aceite de Oliva, Ajo, Vino, Sal, Mantequilla (LÁCTEOS), Caldo de Carne, Pimienta Negra y Nuez Moscada.",20.05,172.0,13.5,14.5,5.9,1100.0,LÁCTEOS,False,False,False,False,False,True,True,False,True,False,True,False
Lentejas con Verduras FAMILIAR,"Agua, Lentejas 13.61%, Patata 10.20%, Zanahoria 7.99%, Cebolla 6.80%, Calabaza 5.44%, Tomate 4.08%, Pimiento 6.80%, Puerro 2.72%, Aceite de Oliva, Caldo de Verduras, Ajo y Pimentón Dulce",15.55,73.7,4.0,8.2,2.0,1100.0,,True,True,False,True,False,True,False,True,False,True,True,False
Arroz Tikka Masala con Heura,"Agua, concentrado de Proteína de Soja (SOJA), Aceite de Oliva, Sal, Aromas, Especias, Vitamina B12, Agua, Arroz 12.42, Tomate, Cebolla, leche de Coco, Aceite de Oliva, Ajo, Comino, Sal, Canela, Curry Amarillo, Jengibre, Cúrcuma, Pimentón Picante y Pimentón Dulce",5.45,188.0,8.9,17.7,8.9,380.0,SOJA,True,True,False,False,False,False,False,True,True,True,True,True
Cuscús de Verduras y Pollo,"Agua, Sémola de trigo 25.41% (GLUTEN), Pollo 19.06%, Calabacín 5.72%, Zanahoria 5.08%, Aceite de Oliva, Pimiento 2.54%, Pimiento 2.54%, Almendra (FRUTOS DE CÁSCARA), Caldo de Verduras, Comino, Curry Amarillo 0.29%, Sal y Pimienta Negra",5.85,174.0,8.0,20.3,6.2,340.0,"GLUTEN, FRUTOS DE CÁSCARA",False,False,False,False,False,False,False,True,False,True,False,False
